"","sub.forest.sizes","sub.forest.accuracies"
"1",3,0.598133955348217
"2",5,0.598467177607464
"3",7,0.599633455514828
"4",9,0.600299900033322
"5",11,0.599633455514828
"6",13,0.600133288903699
"7",15,0.599966677774075
"8",17,0.599466844385205
