"mtry","acc"
2,0.612295901366211
3,0.616294568477174
4,0.617794068643785
5,0.614461846051316
6,0.612795734755082
7,0.616294568477174
8,0.61512829056981
9,0.618127290903032
10,0.614961679440187
