"ntrees","acc"
10,0.614961679440187
20,0.61512829056981
40,0.614461846051316
80,0.61512829056981
160,0.614295234921693
320,0.613962012662446
640,0.614795068310563
